EntryPoint,bytes_on_last_page,pages_in_file,min_extra_paragraphs,max_extra_paragraphs,SizeOfCode,SizeOfInitializedData,SizeOfUninitializedData,BaseOfCode,ImageBase,SectionAlignment,FileAlignment,SizeOfImage,SizeOfHeaders,Checksum,SizeofStackCommit,SizeofHeapReserve,text_VirtualSize,text_VirtualAddress,text_SizeOfRawData,text_PointerToRawData,rdata_VirtualSize,rdata_VirtualAddress,rdata_SizeOfRawData,rdata_PointerToRawData,registry_read,registry_write,registry_delete,network_dns,network_http,network_connections,dlls_calls,apis,MachineType_AMD64,Subsystem_IMAGE_SUBSYSTEM_NATIVE,Subsystem_IMAGE_SUBSYSTEM_WINDOWS_GUI,PEType_PE32+,DllCharacteristics_0,DllCharacteristics_IMAGE_DLLCHARACTERISTICS_APPCONTAINER,DllCharacteristics_IMAGE_DLLCHARACTERISTICS_DYNAMIC_BASE,DllCharacteristics_IMAGE_DLLCHARACTERISTICS_FORCE_INTEGRITY,DllCharacteristics_IMAGE_DLLCHARACTERISTICS_HIGH_ENTROPY_VA,DllCharacteristics_IMAGE_DLLCHARACTERISTICS_NO_BIND,DllCharacteristics_IMAGE_DLLCHARACTERISTICS_NO_ISOLATION,DllCharacteristics_IMAGE_DLLCHARACTERISTICS_NO_SEH,DllCharacteristics_IMAGE_DLLCHARACTERISTICS_NX_COMPAT,DllCharacteristics_IMAGE_DLLCHARACTERISTICS_TERMINAL_SERVER_AWARE,DllCharacteristics_IMAGE_LIBRARY_PROCESS_INIT,DllCharacteristics_IMAGE_LIBRARY_PROCESS_TERM,DllCharacteristics_IMAGE_LIBRARY_THREAD_INIT,text_Characteristics_0,text_Characteristics_IMAGE_SCN_CNT_INITIALIZED_DATA,text_Characteristics_IMAGE_SCN_CNT_UNINITIALIZED_DATA,text_Characteristics_IMAGE_SCN_GPREL,text_Characteristics_IMAGE_SCN_LNK_REMOVE,text_Characteristics_IMAGE_SCN_MEM_LOCKED,text_Characteristics_IMAGE_SCN_MEM_NOT_PAGED,text_Characteristics_IMAGE_SCN_MEM_PRELOAD,text_Characteristics_IMAGE_SCN_MEM_PURGEABLE,text_Characteristics_IMAGE_SCN_MEM_READ,text_Characteristics_IMAGE_SCN_MEM_WRITE,text_Characteristics_IMAGE_SCN_NO_DEFER_SPEC_EXC,text_Characteristics_IMAGE_SCN_TYPE_DSECT,text_Characteristics_IMAGE_SCN_TYPE_GROUP,text_Characteristics_IMAGE_SCN_TYPE_NOLOAD,text_Characteristics_IMAGE_SCN_TYPE_NO_PAD,text_Characteristics_IMAGE_SCN_TYPE_OVER,rdata_Characteristics_0,rdata_Characteristics_IMAGE_SCN_CNT_CODE,rdata_Characteristics_IMAGE_SCN_CNT_INITIALIZED_DATA,rdata_Characteristics_IMAGE_SCN_CNT_UNINITIALIZED_DATA,rdata_Characteristics_IMAGE_SCN_MEM_EXECUTE,rdata_Characteristics_IMAGE_SCN_MEM_NOT_PAGED,rdata_Characteristics_IMAGE_SCN_MEM_WRITE,rdata_Characteristics_IMAGE_SCN_NO_DEFER_SPEC_EXC
12740.0,144.0,3.0,0.0,65535.0,24064.0,3805696.0,2048.0,4096.0,4194304.0,4096.0,512.0,4268032.0,1024.0,1637007.0,4096.0,1048576.0,24056.0,4096.0,24064.0,1024.0,4948.0,28672.0,5120.0,25088.0,699.0,310.0,0.0,0.0,0.0,3.0,8.0,166.0,0,0,1,0,0,0,0,0,0,0,0,0,0,1,0,0,0,0,0,0,0,0,0,0,0,0,1,0,0,0,0,0,0,0,0,0,1,0,0,0,0,0
4240.0,144.0,3.0,0.0,65535.0,3584.0,137728.0,0.0,4096.0,4194304.0,4096.0,512.0,155648.0,1024.0,0.0,4096.0,1048576.0,3190.0,4096.0,3584.0,1024.0,21000.0,8192.0,21504.0,4608.0,481.0,12.0,0.0,0.0,9.0,9.0,4.0,87.0,0,0,1,0,0,0,0,0,0,0,0,0,0,1,0,0,0,0,0,0,0,0,0,0,0,0,1,0,0,0,0,0,0,0,0,0,1,0,0,0,0,0
789520.0,144.0,3.0,0.0,65535.0,270336.0,221184.0,516096.0,520192.0,4194304.0,4096.0,512.0,1011712.0,4096.0,0.0,4096.0,1048576.0,238173.0,4096.0,241664.0,4096.0,33617.0,245760.0,36864.0,245760.0,62.0,0.0,0.0,0.0,1.0,1.0,11.0,16.0,0,0,1,0,0,0,0,0,0,0,0,0,0,1,0,0,0,0,0,0,0,0,0,0,0,0,1,0,0,0,0,0,0,0,0,0,1,0,0,0,0,0
630402.0,0.0,0.0,0.0,0.0,0.0,0.0,0.0,0.0,0.0,0.0,0.0,0.0,0.0,0.0,0.0,0.0,0.0,0.0,0.0,0.0,0.0,0.0,0.0,0.0,557.0,8.0,0.0,2.0,0.0,7.0,0.0,0.0,0,0,0,0,1,0,0,0,0,0,0,0,0,0,0,0,0,1,0,0,0,0,0,0,0,0,0,0,0,0,0,0,0,0,1,0,0,0,0,0,0,0
75891.0,144.0,3.0,0.0,65535.0,196608.0,126976.0,0.0,4096.0,4194304.0,4096.0,4096.0,327680.0,4096.0,317541.0,4096.0,1048576.0,193661.0,4096.0,196608.0,4096.0,43256.0,200704.0,45056.0,200704.0,64.0,5.0,0.0,0.0,3.0,3.0,11.0,321.0,0,0,1,0,0,0,0,0,0,0,0,0,0,1,0,0,0,0,0,0,0,0,0,0,0,0,1,0,0,0,0,0,0,0,0,0,1,0,0,0,0,0
33187.0,144.0,3.0,0.0,65535.0,827904.0,105472.0,0.0,4096.0,4194304.0,4096.0,512.0,954368.0,1024.0,997469.0,4096.0,1048576.0,827752.0,4096.0,827904.0,1024.0,8586.0,937984.0,8704.0,925184.0,70.0,4.0,0.0,0.0,0.0,0.0,9.0,270.0,0,0,1,0,0,0,0,0,0,0,0,0,0,1,0,0,0,0,0,0,0,0,0,0,0,0,1,0,0,0,0,0,0,0,0,0,1,0,0,0,1,0
110447.0,144.0,3.0,0.0,65535.0,479232.0,241664.0,0.0,4096.0,4194304.0,4096.0,4096.0,724992.0,4096.0,754461.0,4096.0,1048576.0,477709.0,4096.0,479232.0,4096.0,76644.0,483328.0,77824.0,483328.0,62.0,5.0,0.0,0.0,2.0,3.0,13.0,525.0,0,0,1,0,0,0,0,0,0,0,0,0,0,1,0,0,0,0,0,0,0,0,0,0,0,0,1,0,0,0,0,0,0,0,0,0,1,0,0,0,0,0
622162.0,0.0,0.0,0.0,0.0,0.0,0.0,0.0,0.0,0.0,0.0,0.0,0.0,0.0,0.0,0.0,0.0,0.0,0.0,0.0,0.0,0.0,0.0,0.0,0.0,968.0,13.0,0.0,2.0,0.0,7.0,0.0,0.0,0,0,0,0,1,0,0,0,0,0,0,0,0,0,0,0,0,1,0,0,0,0,0,0,0,0,0,0,0,0,0,0,0,0,1,0,0,0,0,0,0,0
13093.0,144.0,3.0,0.0,65535.0,26112.0,141824.0,2048.0,4096.0,4194304.0,4096.0,512.0,512000.0,1024.0,603567.0,4096.0,1048576.0,25609.0,4096.0,26112.0,1024.0,5006.0,32768.0,5120.0,27136.0,1752.0,213.0,0.0,0.0,0.0,5.0,0.0,0.0,0,0,1,0,0,0,1,0,0,0,0,1,1,1,0,0,0,0,0,0,0,0,0,0,0,0,1,0,0,0,0,0,0,0,0,0,1,0,0,0,0,0
13171.0,144.0,3.0,0.0,65535.0,26624.0,141824.0,2048.0,4096.0,4194304.0,4096.0,512.0,602112.0,1024.0,408934.0,4096.0,1048576.0,26230.0,4096.0,26624.0,1024.0,5018.0,32768.0,5120.0,27648.0,681.0,247.0,0.0,0.0,0.0,0.0,7.0,165.0,0,0,1,0,0,0,1,0,0,0,0,1,1,1,0,0,0,0,0,0,0,0,0,0,0,0,1,0,0,0,0,0,0,0,0,0,1,0,0,0,0,0
658498.0,0.0,0.0,0.0,0.0,0.0,0.0,0.0,0.0,0.0,0.0,0.0,0.0,0.0,0.0,0.0,0.0,0.0,0.0,0.0,0.0,0.0,0.0,0.0,0.0,864.0,5.0,0.0,1.0,0.0,6.0,0.0,0.0,0,0,0,0,1,0,0,0,0,0,0,0,0,0,0,0,0,1,0,0,0,0,0,0,0,0,0,0,0,0,0,0,0,0,1,0,0,0,0,0,0,0
12777.0,144.0,3.0,0.0,65535.0,25088.0,3782656.0,1024.0,4096.0,4194304.0,4096.0,512.0,4083712.0,1024.0,0.0,4096.0,1048576.0,24680.0,4096.0,25088.0,1024.0,4680.0,32768.0,5120.0,26112.0,718.0,1538.0,0.0,0.0,0.0,3.0,7.0,159.0,0,0,1,0,0,0,1,0,0,0,0,1,1,1,0,0,0,0,0,0,0,0,0,0,0,0,1,0,0,0,0,0,0,0,0,0,1,0,0,0,0,0
12505.0,144.0,3.0,0.0,65535.0,24064.0,118784.0,1024.0,4096.0,4194304.0,4096.0,512.0,331776.0,1024.0,410433.0,4096.0,1048576.0,23643.0,4096.0,24064.0,1024.0,4626.0,28672.0,5120.0,25088.0,3986.0,0.0,0.0,0.0,0.0,2.0,7.0,160.0,0,0,1,0,0,0,1,0,0,0,0,1,1,1,0,0,0,0,0,0,0,0,0,0,0,0,1,0,0,0,0,0,0,0,0,0,1,0,0,0,0,0
482352.0,144.0,3.0,0.0,65535.0,482816.0,208384.0,0.0,4096.0,4194304.0,4096.0,512.0,700416.0,512.0,0.0,4096.0,1048576.0,482500.0,4096.0,482816.0,512.0,201.0,1941504.0,512.0,1934848.0,69.0,4.0,0.0,0.0,0.0,0.0,10.0,235.0,0,0,1,0,0,0,0,0,0,0,0,0,1,1,0,0,0,0,0,0,0,0,0,0,0,0,1,0,0,0,0,0,0,0,0,0,1,0,0,0,0,0
10786.0,144.0,3.0,0.0,65535.0,31232.0,500224.0,0.0,4096.0,4194304.0,4096.0,512.0,552960.0,1024.0,0.0,4096.0,1048576.0,20580.0,4096.0,20992.0,1024.0,3976.0,40960.0,4096.0,32256.0,69.0,4.0,0.0,0.0,0.0,0.0,16.0,100.0,0,0,1,0,0,0,0,0,0,0,0,0,1,1,0,0,0,0,1,1,1,1,0,0,0,0,1,0,1,1,0,1,0,1,0,0,1,0,0,0,0,0
